dataset,key,rep,fold,seed,arm,multiclass,Acc,Recall_1,Prec_1,F1_1,Gmean,AUC,BalAcc,n_synth,n_removed,n_removed_maj_orig,n_removed_min_orig,n_removed_synth,n_min_before,n_maj_before,n_min_after,n_maj_after,ir_before,ir_after,cum_var
Lung Cancer,lung,1,1,11,QKNN + Tanpa Resampling,False,0.935483870967742,0.5,1,0.666666666666667,0.707106781186548,0.962962962962963,0.75,,,,,,,,,,,,
Lung Cancer,lung,1,1,11,QKNN + SMOTE,False,0.903225806451613,0.75,0.6,0.666666666666667,0.833333333333333,0.958333333333333,0.837962962962963,,,,,,,,,,,,
Lung Cancer,lung,1,1,11,QKNN + SMOTE-ENN,False,0.838709677419355,1,0.444444444444444,0.615384615384615,0.90267093384844,0.925925925925926,0.907407407407407,,,,,,,,,,,,
Lung Cancer,lung,1,1,11,QKNN + Borderline-SMOTE,False,0.935483870967742,0.75,0.75,0.75,0.849836585598797,0.976851851851852,0.856481481481481,,,,,,,,,,,,
Lung Cancer,lung,1,1,11,QKNN + SMOTE-Tomek,False,0.903225806451613,0.75,0.6,0.666666666666667,0.833333333333333,0.958333333333333,0.837962962962963,,,,,,,,,,,,
Lung Cancer,lung,1,1,11,QKNN + Quantum-SMOTE,False,0.903225806451613,0.75,0.6,0.666666666666667,0.833333333333333,0.958333333333333,0.837962962962963,,,,,,,,,,,,
Lung Cancer,lung,1,1,11,QKNN + Quantum-SMOTEV2,False,0.870967741935484,0.75,0.5,0.6,0.816496580927726,0.953703703703704,0.819444444444444,,,,,,,,,,,,
Lung Cancer,lung,1,1,11,QKNN + QS-ENN,False,0.870967741935484,1,0.5,0.666666666666667,0.922958206990897,0.944444444444444,0.925925925925926,208,30,26,0,4,35,243,239,217,6.94285714285714,0.907949790794979,0.621788639113079
Lung Cancer,lung,1,1,11,ablasi: tanpa borderline,False,0.870967741935484,1,0.5,0.666666666666667,0.922958206990897,0.925925925925926,0.925925925925926,,,,,,,,,,,,
Lung Cancer,lung,1,1,11,ablasi: P2 = tetangga,False,0.870967741935484,1,0.5,0.666666666666667,0.922958206990897,0.962962962962963,0.925925925925926,,,,,,,,,,,,
Lung Cancer,lung,1,1,11,ablasi: tanpa Q-ENN,False,0.903225806451613,0.75,0.6,0.666666666666667,0.833333333333333,0.972222222222222,0.837962962962963,,,,,,,,,,,,
Lung Cancer,lung,1,1,11,KNN + SMOTE-ENN,False,0.838709677419355,1,0.444444444444444,0.615384615384615,0.90267093384844,0.925925925925926,0.907407407407407,,,,,,,,,,,,
Lung Cancer,lung,1,2,11,QKNN + Tanpa Resampling,False,0.903225806451613,0.5,0.666666666666667,0.571428571428571,0.693888666488711,0.861111111111111,0.731481481481481,,,,,,,,,,,,
Lung Cancer,lung,1,2,11,QKNN + SMOTE,False,0.967741935483871,1,0.8,0.888888888888889,0.981306762925316,0.990740740740741,0.981481481481481,,,,,,,,,,,,
Lung Cancer,lung,1,2,11,QKNN + SMOTE-ENN,False,0.935483870967742,1,0.666666666666667,0.8,0.962250448649376,0.972222222222222,0.962962962962963,,,,,,,,,,,,
Lung Cancer,lung,1,2,11,QKNN + Borderline-SMOTE,False,0.870967741935484,0.75,0.5,0.6,0.816496580927726,0.944444444444444,0.819444444444444,,,,,,,,,,,,
Lung Cancer,lung,1,2,11,QKNN + SMOTE-Tomek,False,0.967741935483871,1,0.8,0.888888888888889,0.981306762925316,0.990740740740741,0.981481481481481,,,,,,,,,,,,
Lung Cancer,lung,1,2,11,QKNN + Quantum-SMOTE,False,0.870967741935484,0.75,0.5,0.6,0.816496580927726,0.930555555555555,0.819444444444444,,,,,,,,,,,,
Lung Cancer,lung,1,2,11,QKNN + Quantum-SMOTEV2,False,0.935483870967742,0.75,0.75,0.75,0.849836585598797,0.986111111111111,0.856481481481481,,,,,,,,,,,,
Lung Cancer,lung,1,2,11,QKNN + QS-ENN,False,0.967741935483871,1,0.8,0.888888888888889,0.981306762925316,0.981481481481482,0.981481481481481,208,24,22,0,2,35,243,241,221,6.94285714285714,0.91701244813278,0.624855084858274
Lung Cancer,lung,1,2,11,ablasi: tanpa borderline,False,0.967741935483871,1,0.8,0.888888888888889,0.981306762925316,0.981481481481482,0.981481481481481,,,,,,,,,,,,
Lung Cancer,lung,1,2,11,ablasi: P2 = tetangga,False,0.967741935483871,1,0.8,0.888888888888889,0.981306762925316,0.981481481481482,0.981481481481481,,,,,,,,,,,,
Lung Cancer,lung,1,2,11,ablasi: tanpa Q-ENN,False,0.935483870967742,0.75,0.75,0.75,0.849836585598797,0.990740740740741,0.856481481481481,,,,,,,,,,,,
Lung Cancer,lung,1,2,11,KNN + SMOTE-ENN,False,0.935483870967742,1,0.666666666666667,0.8,0.962250448649376,0.972222222222222,0.962962962962963,,,,,,,,,,,,
Lung Cancer,lung,1,3,11,QKNN + Tanpa Resampling,False,0.870967741935484,0.25,0.5,0.333333333333333,0.490653381462658,0.578703703703704,0.606481481481481,,,,,,,,,,,,
Lung Cancer,lung,1,3,11,QKNN + SMOTE,False,0.870967741935484,0.25,0.5,0.333333333333333,0.490653381462658,0.583333333333333,0.606481481481481,,,,,,,,,,,,
Lung Cancer,lung,1,3,11,QKNN + SMOTE-ENN,False,0.806451612903226,0.25,0.25,0.25,0.471404520791032,0.569444444444444,0.569444444444444,,,,,,,,,,,,
Lung Cancer,lung,1,3,11,QKNN + Borderline-SMOTE,False,0.838709677419355,0.25,0.333333333333333,0.285714285714286,0.481125224324688,0.578703703703704,0.587962962962963,,,,,,,,,,,,
Lung Cancer,lung,1,3,11,QKNN + SMOTE-Tomek,False,0.870967741935484,0.25,0.5,0.333333333333333,0.490653381462658,0.583333333333333,0.606481481481481,,,,,,,,,,,,
Lung Cancer,lung,1,3,11,QKNN + Quantum-SMOTE,False,0.838709677419355,0.25,0.333333333333333,0.285714285714286,0.481125224324688,0.564814814814815,0.587962962962963,,,,,,,,,,,,
Lung Cancer,lung,1,3,11,QKNN + Quantum-SMOTEV2,False,0.838709677419355,0.25,0.333333333333333,0.285714285714286,0.481125224324688,0.578703703703704,0.587962962962963,,,,,,,,,,,,
Lung Cancer,lung,1,3,11,QKNN + QS-ENN,False,0.838709677419355,0.25,0.333333333333333,0.285714285714286,0.481125224324688,0.574074074074074,0.587962962962963,208,17,16,0,1,35,243,242,227,6.94285714285714,0.93801652892562,0.61561874337775
Lung Cancer,lung,1,3,11,ablasi: tanpa borderline,False,0.806451612903226,0.25,0.25,0.25,0.471404520791032,0.569444444444444,0.569444444444444,,,,,,,,,,,,
Lung Cancer,lung,1,3,11,ablasi: P2 = tetangga,False,0.806451612903226,0.25,0.25,0.25,0.471404520791032,0.569444444444444,0.569444444444444,,,,,,,,,,,,
Lung Cancer,lung,1,3,11,ablasi: tanpa Q-ENN,False,0.838709677419355,0.25,0.333333333333333,0.285714285714286,0.481125224324688,0.583333333333333,0.587962962962963,,,,,,,,,,,,
Lung Cancer,lung,1,3,11,KNN + SMOTE-ENN,False,0.806451612903226,0.25,0.25,0.25,0.471404520791032,0.569444444444444,0.569444444444444,,,,,,,,,,,,
Lung Cancer,lung,1,4,11,QKNN + Tanpa Resampling,False,0.870967741935484,0.75,0.5,0.6,0.816496580927726,0.819444444444444,0.819444444444444,,,,,,,,,,,,
Lung Cancer,lung,1,4,11,QKNN + SMOTE,False,0.838709677419355,0.75,0.428571428571429,0.545454545454545,0.799305253885453,0.805555555555556,0.800925925925926,,,,,,,,,,,,
Lung Cancer,lung,1,4,11,QKNN + SMOTE-ENN,False,0.774193548387097,1,0.363636363636364,0.533333333333333,0.86066296582387,0.907407407407407,0.87037037037037,,,,,,,,,,,,
Lung Cancer,lung,1,4,11,QKNN + Borderline-SMOTE,False,0.838709677419355,0.75,0.428571428571429,0.545454545454545,0.799305253885453,0.787037037037037,0.800925925925926,,,,,,,,,,,,
Lung Cancer,lung,1,4,11,QKNN + SMOTE-Tomek,False,0.838709677419355,0.75,0.428571428571429,0.545454545454545,0.799305253885453,0.805555555555556,0.800925925925926,,,,,,,,,,,,
Lung Cancer,lung,1,4,11,QKNN + Quantum-SMOTE,False,0.838709677419355,0.75,0.428571428571429,0.545454545454545,0.799305253885453,0.782407407407407,0.800925925925926,,,,,,,,,,,,
Lung Cancer,lung,1,4,11,QKNN + Quantum-SMOTEV2,False,0.838709677419355,0.75,0.428571428571429,0.545454545454545,0.799305253885453,0.787037037037037,0.800925925925926,,,,,,,,,,,,
Lung Cancer,lung,1,4,11,QKNN + QS-ENN,False,0.806451612903226,0.75,0.375,0.5,0.781735959970572,0.777777777777778,0.782407407407407,208,20,18,0,2,35,243,241,225,6.94285714285714,0.933609958506224,0.616002671915635
Lung Cancer,lung,1,4,11,ablasi: tanpa borderline,False,0.838709677419355,0.75,0.428571428571429,0.545454545454545,0.799305253885453,0.791666666666667,0.800925925925926,,,,,,,,,,,,
Lung Cancer,lung,1,4,11,ablasi: P2 = tetangga,False,0.806451612903226,0.75,0.375,0.5,0.781735959970572,0.773148148148148,0.782407407407407,,,,,,,,,,,,
Lung Cancer,lung,1,4,11,ablasi: tanpa Q-ENN,False,0.838709677419355,0.75,0.428571428571429,0.545454545454545,0.799305253885453,0.800925925925926,0.800925925925926,,,,,,,,,,,,
Lung Cancer,lung,1,4,11,KNN + SMOTE-ENN,False,0.838709677419355,1,0.444444444444444,0.615384615384615,0.90267093384844,0.907407407407407,0.907407407407407,,,,,,,,,,,,
Lung Cancer,lung,1,5,11,QKNN + Tanpa Resampling,False,0.870967741935484,0.5,0.5,0.5,0.680413817439772,0.703703703703704,0.712962962962963,,,,,,,,,,,,
Lung Cancer,lung,1,5,11,QKNN + SMOTE,False,0.903225806451613,0.75,0.6,0.666666666666667,0.833333333333333,0.842592592592593,0.837962962962963,,,,,,,,,,,,
Lung Cancer,lung,1,5,11,QKNN + SMOTE-ENN,False,0.870967741935484,0.75,0.5,0.6,0.816496580927726,0.819444444444444,0.819444444444444,,,,,,,,,,,,
Lung Cancer,lung,1,5,11,QKNN + Borderline-SMOTE,False,0.903225806451613,0.75,0.6,0.666666666666667,0.833333333333333,0.842592592592593,0.837962962962963,,,,,,,,,,,,
Lung Cancer,lung,1,5,11,QKNN + SMOTE-Tomek,False,0.903225806451613,0.75,0.6,0.666666666666667,0.833333333333333,0.828703703703704,0.837962962962963,,,,,,,,,,,,
Lung Cancer,lung,1,5,11,QKNN + Quantum-SMOTE,False,0.774193548387097,0.5,0.285714285714286,0.363636363636364,0.638284738504225,0.685185185185185,0.657407407407407,,,,,,,,,,,,
Lung Cancer,lung,1,5,11,QKNN + Quantum-SMOTEV2,False,0.903225806451613,0.75,0.6,0.666666666666667,0.833333333333333,0.842592592592593,0.837962962962963,,,,,,,,,,,,
Lung Cancer,lung,1,5,11,QKNN + QS-ENN,False,0.903225806451613,0.75,0.6,0.666666666666667,0.833333333333333,0.837962962962963,0.837962962962963,208,21,19,0,2,35,243,241,224,6.94285714285714,0.929460580912863,0.62306496523046
Lung Cancer,lung,1,5,11,ablasi: tanpa borderline,False,0.903225806451613,0.75,0.6,0.666666666666667,0.833333333333333,0.837962962962963,0.837962962962963,,,,,,,,,,,,
Lung Cancer,lung,1,5,11,ablasi: P2 = tetangga,False,0.903225806451613,0.75,0.6,0.666666666666667,0.833333333333333,0.833333333333333,0.837962962962963,,,,,,,,,,,,
Lung Cancer,lung,1,5,11,ablasi: tanpa Q-ENN,False,0.903225806451613,0.75,0.6,0.666666666666667,0.833333333333333,0.842592592592593,0.837962962962963,,,,,,,,,,,,
Lung Cancer,lung,1,5,11,KNN + SMOTE-ENN,False,0.870967741935484,0.75,0.5,0.6,0.816496580927726,0.819444444444444,0.819444444444444,,,,,,,,,,,,
Lung Cancer,lung,1,6,11,QKNN + Tanpa Resampling,False,0.870967741935484,0.75,0.5,0.6,0.816496580927726,0.916666666666667,0.819444444444444,,,,,,,,,,,,
Lung Cancer,lung,1,6,11,QKNN + SMOTE,False,0.870967741935484,1,0.5,0.666666666666667,0.922958206990897,0.962962962962963,0.925925925925926,,,,,,,,,,,,
Lung Cancer,lung,1,6,11,QKNN + SMOTE-ENN,False,0.838709677419355,1,0.444444444444444,0.615384615384615,0.90267093384844,0.925925925925926,0.907407407407407,,,,,,,,,,,,
Lung Cancer,lung,1,6,11,QKNN + Borderline-SMOTE,False,0.870967741935484,1,0.5,0.666666666666667,0.922958206990897,0.944444444444444,0.925925925925926,,,,,,,,,,,,
Lung Cancer,lung,1,6,11,QKNN + SMOTE-Tomek,False,0.870967741935484,1,0.5,0.666666666666667,0.922958206990897,0.962962962962963,0.925925925925926,,,,,,,,,,,,
Lung Cancer,lung,1,6,11,QKNN + Quantum-SMOTE,False,0.870967741935484,1,0.5,0.666666666666667,0.922958206990897,0.925925925925926,0.925925925925926,,,,,,,,,,,,
Lung Cancer,lung,1,6,11,QKNN + Quantum-SMOTEV2,False,0.870967741935484,1,0.5,0.666666666666667,0.922958206990897,0.981481481481482,0.925925925925926,,,,,,,,,,,,
Lung Cancer,lung,1,6,11,QKNN + QS-ENN,False,0.838709677419355,1,0.444444444444444,0.615384615384615,0.90267093384844,0.907407407407407,0.907407407407407,208,27,26,0,1,35,243,242,217,6.94285714285714,0.896694214876033,0.617235046801796
Lung Cancer,lung,1,6,11,ablasi: tanpa borderline,False,0.806451612903226,1,0.4,0.571428571428571,0.881917103688197,0.907407407407407,0.888888888888889,,,,,,,,,,,,
Lung Cancer,lung,1,6,11,ablasi: P2 = tetangga,False,0.806451612903226,1,0.4,0.571428571428571,0.881917103688197,0.907407407407407,0.888888888888889,,,,,,,,,,,,
Lung Cancer,lung,1,6,11,ablasi: tanpa Q-ENN,False,0.870967741935484,1,0.5,0.666666666666667,0.922958206990897,0.925925925925926,0.925925925925926,,,,,,,,,,,,
Lung Cancer,lung,1,6,11,KNN + SMOTE-ENN,False,0.838709677419355,1,0.444444444444444,0.615384615384615,0.90267093384844,0.907407407407407,0.907407407407407,,,,,,,,,,,,
Lung Cancer,lung,1,7,11,QKNN + Tanpa Resampling,False,0.870967741935484,0.5,0.5,0.5,0.680413817439772,0.810185185185185,0.712962962962963,,,,,,,,,,,,
Lung Cancer,lung,1,7,11,QKNN + SMOTE,False,0.870967741935484,0.75,0.5,0.6,0.816496580927726,0.939814814814815,0.819444444444444,,,,,,,,,,,,
Lung Cancer,lung,1,7,11,QKNN + SMOTE-ENN,False,0.870967741935484,1,0.5,0.666666666666667,0.922958206990897,0.944444444444444,0.925925925925926,,,,,,,,,,,,
Lung Cancer,lung,1,7,11,QKNN + Borderline-SMOTE,False,0.870967741935484,0.75,0.5,0.6,0.816496580927726,0.907407407407407,0.819444444444444,,,,,,,,,,,,
Lung Cancer,lung,1,7,11,QKNN + SMOTE-Tomek,False,0.870967741935484,0.75,0.5,0.6,0.816496580927726,0.939814814814815,0.819444444444444,,,,,,,,,,,,
Lung Cancer,lung,1,7,11,QKNN + Quantum-SMOTE,False,0.870967741935484,0.5,0.5,0.5,0.680413817439772,0.810185185185185,0.712962962962963,,,,,,,,,,,,
Lung Cancer,lung,1,7,11,QKNN + Quantum-SMOTEV2,False,0.903225806451613,0.75,0.6,0.666666666666667,0.833333333333333,0.935185185185185,0.837962962962963,,,,,,,,,,,,
Lung Cancer,lung,1,7,11,QKNN + QS-ENN,False,0.870967741935484,0.75,0.5,0.6,0.816496580927726,0.921296296296296,0.819444444444444,208,18,18,0,0,35,243,243,225,6.94285714285714,0.925925925925926,0.620820610203314
Lung Cancer,lung,1,7,11,ablasi: tanpa borderline,False,0.838709677419355,0.75,0.428571428571429,0.545454545454545,0.799305253885453,0.916666666666667,0.800925925925926,,,,,,,,,,,,
Lung Cancer,lung,1,7,11,ablasi: P2 = tetangga,False,0.838709677419355,1,0.444444444444444,0.615384615384615,0.90267093384844,0.925925925925926,0.907407407407407,,,,,,,,,,,,
Lung Cancer,lung,1,7,11,ablasi: tanpa Q-ENN,False,0.903225806451613,0.75,0.6,0.666666666666667,0.833333333333333,0.949074074074074,0.837962962962963,,,,,,,,,,,,
Lung Cancer,lung,1,7,11,KNN + SMOTE-ENN,False,0.903225806451613,1,0.571428571428571,0.727272727272727,0.942809041582063,0.944444444444444,0.944444444444444,,,,,,,,,,,,
Lung Cancer,lung,1,8,11,QKNN + Tanpa Resampling,False,0.903225806451613,0.25,1,0.4,0.5,0.777777777777778,0.625,,,,,,,,,,,,
Lung Cancer,lung,1,8,11,QKNN + SMOTE,False,0.870967741935484,1,0.5,0.666666666666667,0.922958206990897,0.944444444444444,0.925925925925926,,,,,,,,,,,,
Lung Cancer,lung,1,8,11,QKNN + SMOTE-ENN,False,0.774193548387097,1,0.363636363636364,0.533333333333333,0.86066296582387,0.856481481481482,0.87037037037037,,,,,,,,,,,,
Lung Cancer,lung,1,8,11,QKNN + Borderline-SMOTE,False,0.838709677419355,1,0.444444444444444,0.615384615384615,0.90267093384844,0.930555555555556,0.907407407407407,,,,,,,,,,,,
Lung Cancer,lung,1,8,11,QKNN + SMOTE-Tomek,False,0.870967741935484,1,0.5,0.666666666666667,0.922958206990897,0.944444444444444,0.925925925925926,,,,,,,,,,,,
Lung Cancer,lung,1,8,11,QKNN + Quantum-SMOTE,False,0.838709677419355,0.75,0.428571428571429,0.545454545454545,0.799305253885453,0.800925925925926,0.800925925925926,,,,,,,,,,,,
Lung Cancer,lung,1,8,11,QKNN + Quantum-SMOTEV2,False,0.806451612903226,0.75,0.375,0.5,0.781735959970572,0.777777777777778,0.782407407407407,,,,,,,,,,,,
Lung Cancer,lung,1,8,11,QKNN + QS-ENN,False,0.870967741935484,0.75,0.5,0.6,0.816496580927726,0.796296296296296,0.819444444444444,208,22,21,0,1,35,243,242,222,6.94285714285714,0.917355371900826,0.625412804898232
Lung Cancer,lung,1,8,11,ablasi: tanpa borderline,False,0.806451612903226,0.75,0.375,0.5,0.781735959970572,0.796296296296296,0.782407407407407,,,,,,,,,,,,
Lung Cancer,lung,1,8,11,ablasi: P2 = tetangga,False,0.709677419354839,0.75,0.272727272727273,0.4,0.726483157256779,0.856481481481482,0.726851851851852,,,,,,,,,,,,
Lung Cancer,lung,1,8,11,ablasi: tanpa Q-ENN,False,0.903225806451613,0.75,0.6,0.666666666666667,0.833333333333333,0.824074074074074,0.837962962962963,,,,,,,,,,,,
Lung Cancer,lung,1,8,11,KNN + SMOTE-ENN,False,0.774193548387097,0.75,0.333333333333333,0.461538461538462,0.763762615825973,0.861111111111111,0.763888888888889,,,,,,,,,,,,
Lung Cancer,lung,1,9,11,QKNN + Tanpa Resampling,False,0.967741935483871,1,0.8,0.888888888888889,0.981306762925316,0.962962962962963,0.981481481481481,,,,,,,,,,,,
Lung Cancer,lung,1,9,11,QKNN + SMOTE,False,0.935483870967742,1,0.666666666666667,0.8,0.962250448649376,0.953703703703704,0.962962962962963,,,,,,,,,,,,
Lung Cancer,lung,1,9,11,QKNN + SMOTE-ENN,False,0.903225806451613,1,0.571428571428571,0.727272727272727,0.942809041582063,0.944444444444444,0.944444444444444,,,,,,,,,,,,
Lung Cancer,lung,1,9,11,QKNN + Borderline-SMOTE,False,0.935483870967742,1,0.666666666666667,0.8,0.962250448649376,0.944444444444444,0.962962962962963,,,,,,,,,,,,
Lung Cancer,lung,1,9,11,QKNN + SMOTE-Tomek,False,0.935483870967742,1,0.666666666666667,0.8,0.962250448649376,0.962962962962963,0.962962962962963,,,,,,,,,,,,
Lung Cancer,lung,1,9,11,QKNN + Quantum-SMOTE,False,0.935483870967742,1,0.666666666666667,0.8,0.962250448649376,0.953703703703704,0.962962962962963,,,,,,,,,,,,
Lung Cancer,lung,1,9,11,QKNN + Quantum-SMOTEV2,False,0.935483870967742,1,0.666666666666667,0.8,0.962250448649376,0.962962962962963,0.962962962962963,,,,,,,,,,,,
Lung Cancer,lung,1,9,11,QKNN + QS-ENN,False,0.903225806451613,1,0.571428571428571,0.727272727272727,0.942809041582063,0.944444444444444,0.944444444444444,208,25,23,0,2,35,243,241,220,6.94285714285714,0.912863070539419,0.624173760516561
Lung Cancer,lung,1,9,11,ablasi: tanpa borderline,False,0.903225806451613,1,0.571428571428571,0.727272727272727,0.942809041582063,0.944444444444444,0.944444444444444,,,,,,,,,,,,
Lung Cancer,lung,1,9,11,ablasi: P2 = tetangga,False,0.903225806451613,1,0.571428571428571,0.727272727272727,0.942809041582063,0.944444444444444,0.944444444444444,,,,,,,,,,,,
Lung Cancer,lung,1,9,11,ablasi: tanpa Q-ENN,False,0.935483870967742,1,0.666666666666667,0.8,0.962250448649376,0.944444444444444,0.962962962962963,,,,,,,,,,,,
Lung Cancer,lung,1,9,11,KNN + SMOTE-ENN,False,0.903225806451613,1,0.571428571428571,0.727272727272727,0.942809041582063,0.944444444444444,0.944444444444444,,,,,,,,,,,,
Lung Cancer,lung,1,10,11,QKNN + Tanpa Resampling,False,0.933333333333333,0.333333333333333,1,0.5,0.577350269189626,0.783950617283951,0.666666666666667,,,,,,,,,,,,
Lung Cancer,lung,1,10,11,QKNN + SMOTE,False,0.8,0.333333333333333,0.2,0.25,0.532870169256969,0.740740740740741,0.592592592592593,,,,,,,,,,,,
Lung Cancer,lung,1,10,11,QKNN + SMOTE-ENN,False,0.8,0.666666666666667,0.285714285714286,0.4,0.737027731190089,0.746913580246914,0.740740740740741,,,,,,,,,,,,
Lung Cancer,lung,1,10,11,QKNN + Borderline-SMOTE,False,0.766666666666667,0.333333333333333,0.166666666666667,0.222222222222222,0.521157306647048,0.728395061728395,0.574074074074074,,,,,,,,,,,,
Lung Cancer,lung,1,10,11,QKNN + SMOTE-Tomek,False,0.8,0.333333333333333,0.2,0.25,0.532870169256969,0.734567901234568,0.592592592592593,,,,,,,,,,,,
Lung Cancer,lung,1,10,11,QKNN + Quantum-SMOTE,False,0.833333333333333,0.666666666666667,0.333333333333333,0.444444444444444,0.753592220347252,0.888888888888889,0.759259259259259,,,,,,,,,,,,
Lung Cancer,lung,1,10,11,QKNN + Quantum-SMOTEV2,False,0.8,0.333333333333333,0.2,0.25,0.532870169256969,0.746913580246914,0.592592592592593,,,,,,,,,,,,
Lung Cancer,lung,1,10,11,QKNN + QS-ENN,False,0.833333333333333,0.666666666666667,0.333333333333333,0.444444444444444,0.753592220347252,0.777777777777778,0.759259259259259,207,23,21,0,2,36,243,241,222,6.75,0.921161825726141,0.616424543075618
Lung Cancer,lung,1,10,11,ablasi: tanpa borderline,False,0.8,0.666666666666667,0.285714285714286,0.4,0.737027731190089,0.765432098765432,0.740740740740741,,,,,,,,,,,,
Lung Cancer,lung,1,10,11,ablasi: P2 = tetangga,False,0.833333333333333,0.666666666666667,0.333333333333333,0.444444444444444,0.753592220347252,0.753086419753086,0.759259259259259,,,,,,,,,,,,
Lung Cancer,lung,1,10,11,ablasi: tanpa Q-ENN,False,0.8,0.333333333333333,0.2,0.25,0.532870169256969,0.740740740740741,0.592592592592593,,,,,,,,,,,,
Lung Cancer,lung,1,10,11,KNN + SMOTE-ENN,False,0.8,0.666666666666667,0.285714285714286,0.4,0.737027731190089,0.740740740740741,0.740740740740741,,,,,,,,,,,,
Lung Cancer,lung,2,1,23,QKNN + Tanpa Resampling,False,0.967741935483871,1,0.8,0.888888888888889,0.981306762925316,0.967592592592593,0.981481481481481,,,,,,,,,,,,
Lung Cancer,lung,2,1,23,QKNN + SMOTE,False,0.903225806451613,1,0.571428571428571,0.727272727272727,0.942809041582063,0.949074074074074,0.944444444444444,,,,,,,,,,,,
Lung Cancer,lung,2,1,23,QKNN + SMOTE-ENN,False,0.870967741935484,1,0.5,0.666666666666667,0.922958206990897,0.962962962962963,0.925925925925926,,,,,,,,,,,,
Lung Cancer,lung,2,1,23,QKNN + Borderline-SMOTE,False,0.870967741935484,1,0.5,0.666666666666667,0.922958206990897,0.944444444444444,0.925925925925926,,,,,,,,,,,,
Lung Cancer,lung,2,1,23,QKNN + SMOTE-Tomek,False,0.903225806451613,1,0.571428571428571,0.727272727272727,0.942809041582063,0.949074074074074,0.944444444444444,,,,,,,,,,,,
Lung Cancer,lung,2,1,23,QKNN + Quantum-SMOTE,False,0.838709677419355,1,0.444444444444444,0.615384615384615,0.90267093384844,0.916666666666667,0.907407407407407,,,,,,,,,,,,
Lung Cancer,lung,2,1,23,QKNN + Quantum-SMOTEV2,False,0.870967741935484,1,0.5,0.666666666666667,0.922958206990897,0.944444444444444,0.925925925925926,,,,,,,,,,,,
Lung Cancer,lung,2,1,23,QKNN + QS-ENN,False,0.903225806451613,1,0.571428571428571,0.727272727272727,0.942809041582063,0.944444444444444,0.944444444444444,208,22,20,0,2,35,243,241,223,6.94285714285714,0.925311203319502,0.6191524970665
Lung Cancer,lung,2,1,23,ablasi: tanpa borderline,False,0.903225806451613,1,0.571428571428571,0.727272727272727,0.942809041582063,0.962962962962963,0.944444444444444,,,,,,,,,,,,
Lung Cancer,lung,2,1,23,ablasi: P2 = tetangga,False,0.870967741935484,1,0.5,0.666666666666667,0.922958206990897,0.925925925925926,0.925925925925926,,,,,,,,,,,,
Lung Cancer,lung,2,1,23,ablasi: tanpa Q-ENN,False,0.903225806451613,1,0.571428571428571,0.727272727272727,0.942809041582063,0.935185185185185,0.944444444444444,,,,,,,,,,,,
Lung Cancer,lung,2,1,23,KNN + SMOTE-ENN,False,0.935483870967742,1,0.666666666666667,0.8,0.962250448649376,0.962962962962963,0.962962962962963,,,,,,,,,,,,
Lung Cancer,lung,2,2,23,QKNN + Tanpa Resampling,False,0.806451612903226,0,0,0,0,0.75462962962963,0.462962962962963,,,,,,,,,,,,
Lung Cancer,lung,2,2,23,QKNN + SMOTE,False,0.838709677419355,1,0.444444444444444,0.615384615384615,0.90267093384844,0.921296296296296,0.907407407407407,,,,,,,,,,,,
Lung Cancer,lung,2,2,23,QKNN + SMOTE-ENN,False,0.806451612903226,0.75,0.375,0.5,0.781735959970572,0.893518518518518,0.782407407407407,,,,,,,,,,,,
Lung Cancer,lung,2,2,23,QKNN + Borderline-SMOTE,False,0.806451612903226,0.75,0.375,0.5,0.781735959970572,0.819444444444444,0.782407407407407,,,,,,,,,,,,
Lung Cancer,lung,2,2,23,QKNN + SMOTE-Tomek,False,0.838709677419355,1,0.444444444444444,0.615384615384615,0.90267093384844,0.921296296296296,0.907407407407407,,,,,,,,,,,,
Lung Cancer,lung,2,2,23,QKNN + Quantum-SMOTE,False,0.774193548387097,0.75,0.333333333333333,0.461538461538462,0.763762615825973,0.787037037037037,0.763888888888889,,,,,,,,,,,,
Lung Cancer,lung,2,2,23,QKNN + Quantum-SMOTEV2,False,0.806451612903226,0.75,0.375,0.5,0.781735959970572,0.800925925925926,0.782407407407407,,,,,,,,,,,,
Lung Cancer,lung,2,2,23,QKNN + QS-ENN,False,0.806451612903226,0.75,0.375,0.5,0.781735959970572,0.787037037037037,0.782407407407407,208,24,20,0,4,35,243,239,223,6.94285714285714,0.933054393305439,0.626347686710453
Lung Cancer,lung,2,2,23,ablasi: tanpa borderline,False,0.838709677419355,0.75,0.428571428571429,0.545454545454545,0.799305253885453,0.791666666666667,0.800925925925926,,,,,,,,,,,,
Lung Cancer,lung,2,2,23,ablasi: P2 = tetangga,False,0.838709677419355,0.75,0.428571428571429,0.545454545454545,0.799305253885453,0.773148148148148,0.800925925925926,,,,,,,,,,,,
Lung Cancer,lung,2,2,23,ablasi: tanpa Q-ENN,False,0.838709677419355,0.75,0.428571428571429,0.545454545454545,0.799305253885453,0.814814814814815,0.800925925925926,,,,,,,,,,,,
Lung Cancer,lung,2,2,23,KNN + SMOTE-ENN,False,0.806451612903226,0.75,0.375,0.5,0.781735959970572,0.782407407407407,0.782407407407407,,,,,,,,,,,,
Lung Cancer,lung,2,3,23,QKNN + Tanpa Resampling,False,0.870967741935484,0.25,0.5,0.333333333333333,0.490653381462658,0.708333333333333,0.606481481481481,,,,,,,,,,,,
Lung Cancer,lung,2,3,23,QKNN + SMOTE,False,0.838709677419355,0.25,0.333333333333333,0.285714285714286,0.481125224324688,0.819444444444445,0.587962962962963,,,,,,,,,,,,
Lung Cancer,lung,2,3,23,QKNN + SMOTE-ENN,False,0.903225806451613,0.75,0.6,0.666666666666667,0.833333333333333,0.828703703703704,0.837962962962963,,,,,,,,,,,,
Lung Cancer,lung,2,3,23,QKNN + Borderline-SMOTE,False,0.838709677419355,0.25,0.333333333333333,0.285714285714286,0.481125224324688,0.805555555555555,0.587962962962963,,,,,,,,,,,,
Lung Cancer,lung,2,3,23,QKNN + SMOTE-Tomek,False,0.838709677419355,0.25,0.333333333333333,0.285714285714286,0.481125224324688,0.819444444444445,0.587962962962963,,,,,,,,,,,,
Lung Cancer,lung,2,3,23,QKNN + Quantum-SMOTE,False,0.806451612903226,0.25,0.25,0.25,0.471404520791032,0.657407407407407,0.569444444444444,,,,,,,,,,,,
Lung Cancer,lung,2,3,23,QKNN + Quantum-SMOTEV2,False,0.838709677419355,0.25,0.333333333333333,0.285714285714286,0.481125224324688,0.819444444444445,0.587962962962963,,,,,,,,,,,,
Lung Cancer,lung,2,3,23,QKNN + QS-ENN,False,0.838709677419355,0.25,0.333333333333333,0.285714285714286,0.481125224324688,0.703703703703704,0.587962962962963,208,13,12,0,1,35,243,242,231,6.94285714285714,0.954545454545455,0.619306321040056
Lung Cancer,lung,2,3,23,ablasi: tanpa borderline,False,0.838709677419355,0.25,0.333333333333333,0.285714285714286,0.481125224324688,0.819444444444445,0.587962962962963,,,,,,,,,,,,
Lung Cancer,lung,2,3,23,ablasi: P2 = tetangga,False,0.838709677419355,0.5,0.4,0.444444444444444,0.666666666666667,0.805555555555555,0.694444444444444,,,,,,,,,,,,
Lung Cancer,lung,2,3,23,ablasi: tanpa Q-ENN,False,0.838709677419355,0.25,0.333333333333333,0.285714285714286,0.481125224324688,0.703703703703704,0.587962962962963,,,,,,,,,,,,
Lung Cancer,lung,2,3,23,KNN + SMOTE-ENN,False,0.903225806451613,0.75,0.6,0.666666666666667,0.833333333333333,0.828703703703704,0.837962962962963,,,,,,,,,,,,
Lung Cancer,lung,2,4,23,QKNN + Tanpa Resampling,False,0.838709677419355,0,0,0,0,0.527777777777778,0.481481481481481,,,,,,,,,,,,
Lung Cancer,lung,2,4,23,QKNN + SMOTE,False,0.838709677419355,0.25,0.333333333333333,0.285714285714286,0.481125224324688,0.541666666666667,0.587962962962963,,,,,,,,,,,,
Lung Cancer,lung,2,4,23,QKNN + SMOTE-ENN,False,0.709677419354839,0.25,0.142857142857143,0.181818181818182,0.440958551844098,0.518518518518518,0.513888888888889,,,,,,,,,,,,
Lung Cancer,lung,2,4,23,QKNN + Borderline-SMOTE,False,0.838709677419355,0.25,0.333333333333333,0.285714285714286,0.481125224324688,0.546296296296296,0.587962962962963,,,,,,,,,,,,
Lung Cancer,lung,2,4,23,QKNN + SMOTE-Tomek,False,0.838709677419355,0.25,0.333333333333333,0.285714285714286,0.481125224324688,0.541666666666667,0.587962962962963,,,,,,,,,,,,
Lung Cancer,lung,2,4,23,QKNN + Quantum-SMOTE,False,0.774193548387097,0.25,0.2,0.222222222222222,0.461479103495449,0.537037037037037,0.550925925925926,,,,,,,,,,,,
Lung Cancer,lung,2,4,23,QKNN + Quantum-SMOTEV2,False,0.838709677419355,0.25,0.333333333333333,0.285714285714286,0.481125224324688,0.541666666666667,0.587962962962963,,,,,,,,,,,,
Lung Cancer,lung,2,4,23,QKNN + QS-ENN,False,0.774193548387097,0.25,0.2,0.222222222222222,0.461479103495449,0.532407407407407,0.550925925925926,208,21,21,0,0,35,243,243,222,6.94285714285714,0.91358024691358,0.606155149848189
Lung Cancer,lung,2,4,23,ablasi: tanpa borderline,False,0.741935483870968,0.25,0.166666666666667,0.2,0.45133546692422,0.5,0.532407407407407,,,,,,,,,,,,
Lung Cancer,lung,2,4,23,ablasi: P2 = tetangga,False,0.741935483870968,0.25,0.166666666666667,0.2,0.45133546692422,0.527777777777778,0.532407407407407,,,,,,,,,,,,
Lung Cancer,lung,2,4,23,ablasi: tanpa Q-ENN,False,0.870967741935484,0.25,0.5,0.333333333333333,0.490653381462658,0.550925925925926,0.606481481481481,,,,,,,,,,,,
Lung Cancer,lung,2,4,23,KNN + SMOTE-ENN,False,0.709677419354839,0.25,0.142857142857143,0.181818181818182,0.440958551844098,0.513888888888889,0.513888888888889,,,,,,,,,,,,
Lung Cancer,lung,2,5,23,QKNN + Tanpa Resampling,False,0.967741935483871,0.75,1,0.857142857142857,0.866025403784439,0.865740740740741,0.875,,,,,,,,,,,,
Lung Cancer,lung,2,5,23,QKNN + SMOTE,False,0.967741935483871,0.75,1,0.857142857142857,0.866025403784439,0.861111111111111,0.875,,,,,,,,,,,,
Lung Cancer,lung,2,5,23,QKNN + SMOTE-ENN,False,0.935483870967742,1,0.666666666666667,0.8,0.962250448649376,0.962962962962963,0.962962962962963,,,,,,,,,,,,
Lung Cancer,lung,2,5,23,QKNN + Borderline-SMOTE,False,0.967741935483871,0.75,1,0.857142857142857,0.866025403784439,0.861111111111111,0.875,,,,,,,,,,,,
Lung Cancer,lung,2,5,23,QKNN + SMOTE-Tomek,False,0.967741935483871,0.75,1,0.857142857142857,0.866025403784439,0.861111111111111,0.875,,,,,,,,,,,,
Lung Cancer,lung,2,5,23,QKNN + Quantum-SMOTE,False,0.967741935483871,0.75,1,0.857142857142857,0.866025403784439,0.861111111111111,0.875,,,,,,,,,,,,
Lung Cancer,lung,2,5,23,QKNN + Quantum-SMOTEV2,False,0.967741935483871,0.75,1,0.857142857142857,0.866025403784439,0.865740740740741,0.875,,,,,,,,,,,,
Lung Cancer,lung,2,5,23,QKNN + QS-ENN,False,0.870967741935484,0.75,0.5,0.6,0.816496580927726,0.833333333333333,0.819444444444444,208,25,24,0,1,35,243,242,219,6.94285714285714,0.90495867768595,0.616902147856932
Lung Cancer,lung,2,5,23,ablasi: tanpa borderline,False,0.870967741935484,0.75,0.5,0.6,0.816496580927726,0.833333333333333,0.819444444444444,,,,,,,,,,,,
Lung Cancer,lung,2,5,23,ablasi: P2 = tetangga,False,0.870967741935484,0.75,0.5,0.6,0.816496580927726,0.833333333333333,0.819444444444444,,,,,,,,,,,,
Lung Cancer,lung,2,5,23,ablasi: tanpa Q-ENN,False,0.967741935483871,0.75,1,0.857142857142857,0.866025403784439,0.861111111111111,0.875,,,,,,,,,,,,
Lung Cancer,lung,2,5,23,KNN + SMOTE-ENN,False,0.935483870967742,1,0.666666666666667,0.8,0.962250448649376,0.962962962962963,0.962962962962963,,,,,,,,,,,,
Lung Cancer,lung,2,6,23,QKNN + Tanpa Resampling,False,1,1,1,1,1,1,1,,,,,,,,,,,,
Lung Cancer,lung,2,6,23,QKNN + SMOTE,False,0.967741935483871,1,0.8,0.888888888888889,0.981306762925316,0.99537037037037,0.981481481481481,,,,,,,,,,,,
Lung Cancer,lung,2,6,23,QKNN + SMOTE-ENN,False,0.903225806451613,1,0.571428571428571,0.727272727272727,0.942809041582063,0.962962962962963,0.944444444444444,,,,,,,,,,,,
Lung Cancer,lung,2,6,23,QKNN + Borderline-SMOTE,False,0.935483870967742,1,0.666666666666667,0.8,0.962250448649376,0.990740740740741,0.962962962962963,,,,,,,,,,,,
Lung Cancer,lung,2,6,23,QKNN + SMOTE-Tomek,False,0.967741935483871,1,0.8,0.888888888888889,0.981306762925316,0.99537037037037,0.981481481481481,,,,,,,,,,,,
Lung Cancer,lung,2,6,23,QKNN + Quantum-SMOTE,False,0.967741935483871,1,0.8,0.888888888888889,0.981306762925316,0.990740740740741,0.981481481481481,,,,,,,,,,,,
Lung Cancer,lung,2,6,23,QKNN + Quantum-SMOTEV2,False,1,1,1,1,1,1,1,,,,,,,,,,,,
Lung Cancer,lung,2,6,23,QKNN + QS-ENN,False,0.903225806451613,1,0.571428571428571,0.727272727272727,0.942809041582063,0.962962962962963,0.944444444444444,208,26,25,0,1,35,243,242,218,6.94285714285714,0.900826446280992,0.621438026316544
Lung Cancer,lung,2,6,23,ablasi: tanpa borderline,False,0.903225806451613,1,0.571428571428571,0.727272727272727,0.942809041582063,0.962962962962963,0.944444444444444,,,,,,,,,,,,
Lung Cancer,lung,2,6,23,ablasi: P2 = tetangga,False,0.935483870967742,1,0.666666666666667,0.8,0.962250448649376,0.962962962962963,0.962962962962963,,,,,,,,,,,,
Lung Cancer,lung,2,6,23,ablasi: tanpa Q-ENN,False,0.967741935483871,1,0.8,0.888888888888889,0.981306762925316,0.99537037037037,0.981481481481481,,,,,,,,,,,,
Lung Cancer,lung,2,6,23,KNN + SMOTE-ENN,False,0.935483870967742,1,0.666666666666667,0.8,0.962250448649376,0.962962962962963,0.962962962962963,,,,,,,,,,,,
Lung Cancer,lung,2,7,23,QKNN + Tanpa Resampling,False,0.870967741935484,0.5,0.5,0.5,0.680413817439772,0.800925925925926,0.712962962962963,,,,,,,,,,,,
Lung Cancer,lung,2,7,23,QKNN + SMOTE,False,0.903225806451613,1,0.571428571428571,0.727272727272727,0.942809041582063,0.930555555555555,0.944444444444444,,,,,,,,,,,,
Lung Cancer,lung,2,7,23,QKNN + SMOTE-ENN,False,0.838709677419355,1,0.444444444444444,0.615384615384615,0.90267093384844,0.925925925925926,0.907407407407407,,,,,,,,,,,,
Lung Cancer,lung,2,7,23,QKNN + Borderline-SMOTE,False,0.903225806451613,1,0.571428571428571,0.727272727272727,0.942809041582063,0.930555555555555,0.944444444444444,,,,,,,,,,,,
Lung Cancer,lung,2,7,23,QKNN + SMOTE-Tomek,False,0.903225806451613,1,0.571428571428571,0.727272727272727,0.942809041582063,0.930555555555555,0.944444444444444,,,,,,,,,,,,
Lung Cancer,lung,2,7,23,QKNN + Quantum-SMOTE,False,0.870967741935484,0.75,0.5,0.6,0.816496580927726,0.930555555555555,0.819444444444444,,,,,,,,,,,,
Lung Cancer,lung,2,7,23,QKNN + Quantum-SMOTEV2,False,0.903225806451613,1,0.571428571428571,0.727272727272727,0.942809041582063,0.930555555555555,0.944444444444444,,,,,,,,,,,,
Lung Cancer,lung,2,7,23,QKNN + QS-ENN,False,0.903225806451613,1,0.571428571428571,0.727272727272727,0.942809041582063,0.930555555555555,0.944444444444444,208,22,21,0,1,35,243,242,222,6.94285714285714,0.917355371900826,0.617966734465481
Lung Cancer,lung,2,7,23,ablasi: tanpa borderline,False,0.903225806451613,1,0.571428571428571,0.727272727272727,0.942809041582063,0.930555555555555,0.944444444444444,,,,,,,,,,,,
Lung Cancer,lung,2,7,23,ablasi: P2 = tetangga,False,0.903225806451613,1,0.571428571428571,0.727272727272727,0.942809041582063,0.944444444444444,0.944444444444444,,,,,,,,,,,,
Lung Cancer,lung,2,7,23,ablasi: tanpa Q-ENN,False,0.870967741935484,0.75,0.5,0.6,0.816496580927726,0.819444444444444,0.819444444444444,,,,,,,,,,,,
Lung Cancer,lung,2,7,23,KNN + SMOTE-ENN,False,0.838709677419355,1,0.444444444444444,0.615384615384615,0.90267093384844,0.925925925925926,0.907407407407407,,,,,,,,,,,,
Lung Cancer,lung,2,8,23,QKNN + Tanpa Resampling,False,0.903225806451613,0.75,0.6,0.666666666666667,0.833333333333333,0.824074074074074,0.837962962962963,,,,,,,,,,,,
Lung Cancer,lung,2,8,23,QKNN + SMOTE,False,0.774193548387097,0.75,0.333333333333333,0.461538461538462,0.763762615825973,0.791666666666667,0.763888888888889,,,,,,,,,,,,
Lung Cancer,lung,2,8,23,QKNN + SMOTE-ENN,False,0.774193548387097,0.75,0.333333333333333,0.461538461538462,0.763762615825973,0.763888888888889,0.763888888888889,,,,,,,,,,,,
Lung Cancer,lung,2,8,23,QKNN + Borderline-SMOTE,False,0.774193548387097,0.75,0.333333333333333,0.461538461538462,0.763762615825973,0.791666666666667,0.763888888888889,,,,,,,,,,,,
Lung Cancer,lung,2,8,23,QKNN + SMOTE-Tomek,False,0.774193548387097,0.75,0.333333333333333,0.461538461538462,0.763762615825973,0.75,0.763888888888889,,,,,,,,,,,,
Lung Cancer,lung,2,8,23,QKNN + Quantum-SMOTE,False,0.774193548387097,0.75,0.333333333333333,0.461538461538462,0.763762615825973,0.787037037037037,0.763888888888889,,,,,,,,,,,,
Lung Cancer,lung,2,8,23,QKNN + Quantum-SMOTEV2,False,0.774193548387097,0.75,0.333333333333333,0.461538461538462,0.763762615825973,0.791666666666667,0.763888888888889,,,,,,,,,,,,
Lung Cancer,lung,2,8,23,QKNN + QS-ENN,False,0.806451612903226,0.75,0.375,0.5,0.781735959970572,0.791666666666667,0.782407407407407,208,21,20,0,1,35,243,242,223,6.94285714285714,0.921487603305785,0.629864261623147
Lung Cancer,lung,2,8,23,ablasi: tanpa borderline,False,0.806451612903226,0.75,0.375,0.5,0.781735959970572,0.819444444444444,0.782407407407407,,,,,,,,,,,,
Lung Cancer,lung,2,8,23,ablasi: P2 = tetangga,False,0.806451612903226,0.75,0.375,0.5,0.781735959970572,0.791666666666667,0.782407407407407,,,,,,,,,,,,
Lung Cancer,lung,2,8,23,ablasi: tanpa Q-ENN,False,0.806451612903226,0.75,0.375,0.5,0.781735959970572,0.810185185185185,0.782407407407407,,,,,,,,,,,,
Lung Cancer,lung,2,8,23,KNN + SMOTE-ENN,False,0.774193548387097,0.75,0.333333333333333,0.461538461538462,0.763762615825973,0.763888888888889,0.763888888888889,,,,,,,,,,,,
Lung Cancer,lung,2,9,23,QKNN + Tanpa Resampling,False,1,1,1,1,1,1,1,,,,,,,,,,,,
Lung Cancer,lung,2,9,23,QKNN + SMOTE,False,0.870967741935484,1,0.5,0.666666666666667,0.922958206990897,0.925925925925926,0.925925925925926,,,,,,,,,,,,
Lung Cancer,lung,2,9,23,QKNN + SMOTE-ENN,False,0.838709677419355,1,0.444444444444444,0.615384615384615,0.90267093384844,0.907407407407407,0.907407407407407,,,,,,,,,,,,
Lung Cancer,lung,2,9,23,QKNN + Borderline-SMOTE,False,0.870967741935484,1,0.5,0.666666666666667,0.922958206990897,0.925925925925926,0.925925925925926,,,,,,,,,,,,
Lung Cancer,lung,2,9,23,QKNN + SMOTE-Tomek,False,0.870967741935484,1,0.5,0.666666666666667,0.922958206990897,0.944444444444444,0.925925925925926,,,,,,,,,,,,
Lung Cancer,lung,2,9,23,QKNN + Quantum-SMOTE,False,0.709677419354839,1,0.307692307692308,0.470588235294118,0.816496580927726,0.884259259259259,0.833333333333333,,,,,,,,,,,,
Lung Cancer,lung,2,9,23,QKNN + Quantum-SMOTEV2,False,0.838709677419355,1,0.444444444444444,0.615384615384615,0.90267093384844,0.944444444444444,0.907407407407407,,,,,,,,,,,,
Lung Cancer,lung,2,9,23,QKNN + QS-ENN,False,0.870967741935484,1,0.5,0.666666666666667,0.922958206990897,0.944444444444444,0.925925925925926,208,23,22,0,1,35,243,242,221,6.94285714285714,0.913223140495868,0.621689875071478
Lung Cancer,lung,2,9,23,ablasi: tanpa borderline,False,0.806451612903226,1,0.4,0.571428571428571,0.881917103688197,0.925925925925926,0.888888888888889,,,,,,,,,,,,
Lung Cancer,lung,2,9,23,ablasi: P2 = tetangga,False,0.838709677419355,1,0.444444444444444,0.615384615384615,0.90267093384844,0.944444444444444,0.907407407407407,,,,,,,,,,,,
Lung Cancer,lung,2,9,23,ablasi: tanpa Q-ENN,False,0.903225806451613,1,0.571428571428571,0.727272727272727,0.942809041582063,0.949074074074074,0.944444444444444,,,,,,,,,,,,
Lung Cancer,lung,2,9,23,KNN + SMOTE-ENN,False,0.838709677419355,1,0.444444444444444,0.615384615384615,0.90267093384844,0.925925925925926,0.907407407407407,,,,,,,,,,,,
Lung Cancer,lung,2,10,23,QKNN + Tanpa Resampling,False,0.8,0.333333333333333,0.2,0.25,0.532870169256969,0.864197530864198,0.592592592592593,,,,,,,,,,,,
Lung Cancer,lung,2,10,23,QKNN + SMOTE,False,0.8,0.666666666666667,0.285714285714286,0.4,0.737027731190089,0.901234567901235,0.740740740740741,,,,,,,,,,,,
Lung Cancer,lung,2,10,23,QKNN + SMOTE-ENN,False,0.733333333333333,0.666666666666667,0.222222222222222,0.333333333333333,0.702728368926307,0.833333333333333,0.703703703703704,,,,,,,,,,,,
Lung Cancer,lung,2,10,23,QKNN + Borderline-SMOTE,False,0.8,0.666666666666667,0.285714285714286,0.4,0.737027731190089,0.907407407407407,0.740740740740741,,,,,,,,,,,,
Lung Cancer,lung,2,10,23,QKNN + SMOTE-Tomek,False,0.8,0.666666666666667,0.285714285714286,0.4,0.737027731190089,0.888888888888889,0.740740740740741,,,,,,,,,,,,
Lung Cancer,lung,2,10,23,QKNN + Quantum-SMOTE,False,0.766666666666667,0.666666666666667,0.25,0.363636363636364,0.720082299823096,0.858024691358025,0.722222222222222,,,,,,,,,,,,
Lung Cancer,lung,2,10,23,QKNN + Quantum-SMOTEV2,False,0.8,1,0.333333333333333,0.5,0.881917103688197,0.888888888888889,0.888888888888889,,,,,,,,,,,,
Lung Cancer,lung,2,10,23,QKNN + QS-ENN,False,0.766666666666667,0.666666666666667,0.25,0.363636363636364,0.720082299823096,0.851851851851852,0.722222222222222,207,18,17,0,1,36,243,242,226,6.75,0.933884297520661,0.626807639999815
Lung Cancer,lung,2,10,23,ablasi: tanpa borderline,False,0.8,0.666666666666667,0.285714285714286,0.4,0.737027731190089,0.864197530864197,0.740740740740741,,,,,,,,,,,,
Lung Cancer,lung,2,10,23,ablasi: P2 = tetangga,False,0.766666666666667,0.666666666666667,0.25,0.363636363636364,0.720082299823096,0.864197530864198,0.722222222222222,,,,,,,,,,,,
Lung Cancer,lung,2,10,23,ablasi: tanpa Q-ENN,False,0.766666666666667,0.666666666666667,0.25,0.363636363636364,0.720082299823096,0.901234567901235,0.722222222222222,,,,,,,,,,,,
Lung Cancer,lung,2,10,23,KNN + SMOTE-ENN,False,0.766666666666667,0.666666666666667,0.25,0.363636363636364,0.720082299823096,0.858024691358025,0.722222222222222,,,,,,,,,,,,
Lung Cancer,lung,3,1,37,QKNN + Tanpa Resampling,False,0.935483870967742,0.5,1,0.666666666666667,0.707106781186548,0.856481481481482,0.75,,,,,,,,,,,,
Lung Cancer,lung,3,1,37,QKNN + SMOTE,False,0.935483870967742,0.75,0.75,0.75,0.849836585598797,0.981481481481482,0.856481481481481,,,,,,,,,,,,
Lung Cancer,lung,3,1,37,QKNN + SMOTE-ENN,False,0.903225806451613,0.75,0.6,0.666666666666667,0.833333333333333,0.958333333333333,0.837962962962963,,,,,,,,,,,,
Lung Cancer,lung,3,1,37,QKNN + Borderline-SMOTE,False,0.935483870967742,0.75,0.75,0.75,0.849836585598797,0.981481481481482,0.856481481481481,,,,,,,,,,,,
Lung Cancer,lung,3,1,37,QKNN + SMOTE-Tomek,False,0.935483870967742,0.75,0.75,0.75,0.849836585598797,0.986111111111111,0.856481481481481,,,,,,,,,,,,
Lung Cancer,lung,3,1,37,QKNN + Quantum-SMOTE,False,0.870967741935484,0.75,0.5,0.6,0.816496580927726,0.833333333333333,0.819444444444444,,,,,,,,,,,,
Lung Cancer,lung,3,1,37,QKNN + Quantum-SMOTEV2,False,0.935483870967742,0.75,0.75,0.75,0.849836585598797,0.981481481481482,0.856481481481481,,,,,,,,,,,,
Lung Cancer,lung,3,1,37,QKNN + QS-ENN,False,0.935483870967742,0.75,0.75,0.75,0.849836585598797,0.981481481481482,0.856481481481481,208,19,18,0,1,35,243,242,225,6.94285714285714,0.929752066115702,0.624880672244085
Lung Cancer,lung,3,1,37,ablasi: tanpa borderline,False,0.903225806451613,0.75,0.6,0.666666666666667,0.833333333333333,0.967592592592593,0.837962962962963,,,,,,,,,,,,
Lung Cancer,lung,3,1,37,ablasi: P2 = tetangga,False,0.967741935483871,1,0.8,0.888888888888889,0.981306762925316,1,0.981481481481481,,,,,,,,,,,,
Lung Cancer,lung,3,1,37,ablasi: tanpa Q-ENN,False,0.935483870967742,0.75,0.75,0.75,0.849836585598797,0.856481481481482,0.856481481481481,,,,,,,,,,,,
Lung Cancer,lung,3,1,37,KNN + SMOTE-ENN,False,0.870967741935484,1,0.5,0.666666666666667,0.922958206990897,0.944444444444444,0.925925925925926,,,,,,,,,,,,
Lung Cancer,lung,3,2,37,QKNN + Tanpa Resampling,False,0.967741935483871,0.75,1,0.857142857142857,0.866025403784439,0.990740740740741,0.875,,,,,,,,,,,,
Lung Cancer,lung,3,2,37,QKNN + SMOTE,False,0.967741935483871,1,0.8,0.888888888888889,0.981306762925316,0.976851851851852,0.981481481481481,,,,,,,,,,,,
Lung Cancer,lung,3,2,37,QKNN + SMOTE-ENN,False,0.935483870967742,1,0.666666666666667,0.8,0.962250448649376,0.962962962962963,0.962962962962963,,,,,,,,,,,,
Lung Cancer,lung,3,2,37,QKNN + Borderline-SMOTE,False,1,1,1,1,1,1,1,,,,,,,,,,,,
Lung Cancer,lung,3,2,37,QKNN + SMOTE-Tomek,False,0.967741935483871,1,0.8,0.888888888888889,0.981306762925316,0.976851851851852,0.981481481481481,,,,,,,,,,,,
Lung Cancer,lung,3,2,37,QKNN + Quantum-SMOTE,False,0.870967741935484,1,0.5,0.666666666666667,0.922958206990897,0.962962962962963,0.925925925925926,,,,,,,,,,,,
Lung Cancer,lung,3,2,37,QKNN + Quantum-SMOTEV2,False,0.967741935483871,1,0.8,0.888888888888889,0.981306762925316,0.972222222222222,0.981481481481481,,,,,,,,,,,,
Lung Cancer,lung,3,2,37,QKNN + QS-ENN,False,0.935483870967742,1,0.666666666666667,0.8,0.962250448649376,0.962962962962963,0.962962962962963,208,24,22,0,2,35,243,241,221,6.94285714285714,0.91701244813278,0.619986292362162
Lung Cancer,lung,3,2,37,ablasi: tanpa borderline,False,0.903225806451613,0.75,0.6,0.666666666666667,0.833333333333333,0.953703703703704,0.837962962962963,,,,,,,,,,,,
Lung Cancer,lung,3,2,37,ablasi: P2 = tetangga,False,0.935483870967742,1,0.666666666666667,0.8,0.962250448649376,0.962962962962963,0.962962962962963,,,,,,,,,,,,
Lung Cancer,lung,3,2,37,ablasi: tanpa Q-ENN,False,0.967741935483871,1,0.8,0.888888888888889,0.981306762925316,0.976851851851852,0.981481481481481,,,,,,,,,,,,
Lung Cancer,lung,3,2,37,KNN + SMOTE-ENN,False,0.935483870967742,1,0.666666666666667,0.8,0.962250448649376,0.962962962962963,0.962962962962963,,,,,,,,,,,,
Lung Cancer,lung,3,3,37,QKNN + Tanpa Resampling,False,0.774193548387097,0.25,0.2,0.222222222222222,0.461479103495449,0.708333333333333,0.550925925925926,,,,,,,,,,,,
Lung Cancer,lung,3,3,37,QKNN + SMOTE,False,0.741935483870968,0.25,0.166666666666667,0.2,0.45133546692422,0.708333333333333,0.532407407407407,,,,,,,,,,,,
Lung Cancer,lung,3,3,37,QKNN + SMOTE-ENN,False,0.709677419354839,0.75,0.272727272727273,0.4,0.726483157256779,0.726851851851852,0.726851851851852,,,,,,,,,,,,
Lung Cancer,lung,3,3,37,QKNN + Borderline-SMOTE,False,0.741935483870968,0.25,0.166666666666667,0.2,0.45133546692422,0.685185185185185,0.532407407407407,,,,,,,,,,,,
Lung Cancer,lung,3,3,37,QKNN + SMOTE-Tomek,False,0.741935483870968,0.25,0.166666666666667,0.2,0.45133546692422,0.708333333333333,0.532407407407407,,,,,,,,,,,,
Lung Cancer,lung,3,3,37,QKNN + Quantum-SMOTE,False,0.774193548387097,0.5,0.285714285714286,0.363636363636364,0.638284738504225,0.842592592592593,0.657407407407407,,,,,,,,,,,,
Lung Cancer,lung,3,3,37,QKNN + Quantum-SMOTEV2,False,0.774193548387097,0.5,0.285714285714286,0.363636363636364,0.638284738504225,0.717592592592593,0.657407407407407,,,,,,,,,,,,
Lung Cancer,lung,3,3,37,QKNN + QS-ENN,False,0.774193548387097,0.5,0.285714285714286,0.363636363636364,0.638284738504225,0.75,0.657407407407407,208,15,14,0,1,35,243,242,229,6.94285714285714,0.946280991735537,0.617666267042777
Lung Cancer,lung,3,3,37,ablasi: tanpa borderline,False,0.741935483870968,0.75,0.3,0.428571428571429,0.74535599249993,0.726851851851852,0.74537037037037,,,,,,,,,,,,
Lung Cancer,lung,3,3,37,ablasi: P2 = tetangga,False,0.741935483870968,0.75,0.3,0.428571428571429,0.74535599249993,0.74537037037037,0.74537037037037,,,,,,,,,,,,
Lung Cancer,lung,3,3,37,ablasi: tanpa Q-ENN,False,0.741935483870968,0.25,0.166666666666667,0.2,0.45133546692422,0.712962962962963,0.532407407407407,,,,,,,,,,,,
Lung Cancer,lung,3,3,37,KNN + SMOTE-ENN,False,0.709677419354839,0.75,0.272727272727273,0.4,0.726483157256779,0.726851851851852,0.726851851851852,,,,,,,,,,,,
Lung Cancer,lung,3,4,37,QKNN + Tanpa Resampling,False,0.935483870967742,0.5,1,0.666666666666667,0.707106781186548,0.856481481481482,0.75,,,,,,,,,,,,
Lung Cancer,lung,3,4,37,QKNN + SMOTE,False,0.967741935483871,1,0.8,0.888888888888889,0.981306762925316,0.99537037037037,0.981481481481481,,,,,,,,,,,,
Lung Cancer,lung,3,4,37,QKNN + SMOTE-ENN,False,0.903225806451613,1,0.571428571428571,0.727272727272727,0.942809041582063,0.962962962962963,0.944444444444444,,,,,,,,,,,,
Lung Cancer,lung,3,4,37,QKNN + Borderline-SMOTE,False,0.967741935483871,1,0.8,0.888888888888889,0.981306762925316,1,0.981481481481481,,,,,,,,,,,,
Lung Cancer,lung,3,4,37,QKNN + SMOTE-Tomek,False,0.967741935483871,1,0.8,0.888888888888889,0.981306762925316,0.99537037037037,0.981481481481481,,,,,,,,,,,,
Lung Cancer,lung,3,4,37,QKNN + Quantum-SMOTE,False,0.967741935483871,1,0.8,0.888888888888889,0.981306762925316,0.99537037037037,0.981481481481481,,,,,,,,,,,,
Lung Cancer,lung,3,4,37,QKNN + Quantum-SMOTEV2,False,1,1,1,1,1,1,1,,,,,,,,,,,,
Lung Cancer,lung,3,4,37,QKNN + QS-ENN,False,0.903225806451613,0.75,0.6,0.666666666666667,0.833333333333333,0.953703703703704,0.837962962962963,208,29,25,0,4,35,243,239,218,6.94285714285714,0.912133891213389,0.623203576109015
Lung Cancer,lung,3,4,37,ablasi: tanpa borderline,False,0.935483870967742,1,0.666666666666667,0.8,0.962250448649376,0.962962962962963,0.962962962962963,,,,,,,,,,,,
Lung Cancer,lung,3,4,37,ablasi: P2 = tetangga,False,0.903225806451613,1,0.571428571428571,0.727272727272727,0.942809041582063,0.944444444444444,0.944444444444444,,,,,,,,,,,,
Lung Cancer,lung,3,4,37,ablasi: tanpa Q-ENN,False,0.967741935483871,0.75,1,0.857142857142857,0.866025403784439,0.986111111111111,0.875,,,,,,,,,,,,
Lung Cancer,lung,3,4,37,KNN + SMOTE-ENN,False,0.903225806451613,1,0.571428571428571,0.727272727272727,0.942809041582063,0.944444444444444,0.944444444444444,,,,,,,,,,,,
Lung Cancer,lung,3,5,37,QKNN + Tanpa Resampling,False,0.903225806451613,0.5,0.666666666666667,0.571428571428571,0.693888666488711,0.814814814814815,0.731481481481481,,,,,,,,,,,,
Lung Cancer,lung,3,5,37,QKNN + SMOTE,False,0.838709677419355,0.5,0.4,0.444444444444444,0.666666666666667,0.800925925925926,0.694444444444444,,,,,,,,,,,,
Lung Cancer,lung,3,5,37,QKNN + SMOTE-ENN,False,0.838709677419355,0.75,0.428571428571429,0.545454545454545,0.799305253885453,0.810185185185185,0.800925925925926,,,,,,,,,,,,
Lung Cancer,lung,3,5,37,QKNN + Borderline-SMOTE,False,0.870967741935484,0.5,0.5,0.5,0.680413817439772,0.810185185185185,0.712962962962963,,,,,,,,,,,,
Lung Cancer,lung,3,5,37,QKNN + SMOTE-Tomek,False,0.838709677419355,0.75,0.428571428571429,0.545454545454545,0.799305253885453,0.805555555555556,0.800925925925926,,,,,,,,,,,,
Lung Cancer,lung,3,5,37,QKNN + Quantum-SMOTE,False,0.870967741935484,0.5,0.5,0.5,0.680413817439772,0.791666666666667,0.712962962962963,,,,,,,,,,,,
Lung Cancer,lung,3,5,37,QKNN + Quantum-SMOTEV2,False,0.870967741935484,0.75,0.5,0.6,0.816496580927726,0.814814814814815,0.819444444444444,,,,,,,,,,,,
Lung Cancer,lung,3,5,37,QKNN + QS-ENN,False,0.870967741935484,0.5,0.5,0.5,0.680413817439772,0.810185185185185,0.712962962962963,208,22,20,0,2,35,243,241,223,6.94285714285714,0.925311203319502,0.620341745677826
Lung Cancer,lung,3,5,37,ablasi: tanpa borderline,False,0.903225806451613,0.5,0.666666666666667,0.571428571428571,0.693888666488711,0.824074074074074,0.731481481481481,,,,,,,,,,,,
Lung Cancer,lung,3,5,37,ablasi: P2 = tetangga,False,0.870967741935484,0.5,0.5,0.5,0.680413817439772,0.810185185185185,0.712962962962963,,,,,,,,,,,,
Lung Cancer,lung,3,5,37,ablasi: tanpa Q-ENN,False,0.870967741935484,0.5,0.5,0.5,0.680413817439772,0.810185185185185,0.712962962962963,,,,,,,,,,,,
Lung Cancer,lung,3,5,37,KNN + SMOTE-ENN,False,0.870967741935484,0.75,0.5,0.6,0.816496580927726,0.833333333333333,0.819444444444444,,,,,,,,,,,,
Lung Cancer,lung,3,6,37,QKNN + Tanpa Resampling,False,0.741935483870968,0.25,0.166666666666667,0.2,0.45133546692422,0.833333333333333,0.532407407407407,,,,,,,,,,,,
Lung Cancer,lung,3,6,37,QKNN + SMOTE,False,0.838709677419355,1,0.444444444444444,0.615384615384615,0.90267093384844,0.981481481481481,0.907407407407407,,,,,,,,,,,,
Lung Cancer,lung,3,6,37,QKNN + SMOTE-ENN,False,0.806451612903226,1,0.4,0.571428571428571,0.881917103688197,0.888888888888889,0.888888888888889,,,,,,,,,,,,
Lung Cancer,lung,3,6,37,QKNN + Borderline-SMOTE,False,0.838709677419355,1,0.444444444444444,0.615384615384615,0.90267093384844,1,0.907407407407407,,,,,,,,,,,,
Lung Cancer,lung,3,6,37,QKNN + SMOTE-Tomek,False,0.838709677419355,1,0.444444444444444,0.615384615384615,0.90267093384844,0.907407407407407,0.907407407407407,,,,,,,,,,,,
Lung Cancer,lung,3,6,37,QKNN + Quantum-SMOTE,False,0.774193548387097,1,0.363636363636364,0.533333333333333,0.86066296582387,0.981481481481482,0.87037037037037,,,,,,,,,,,,
Lung Cancer,lung,3,6,37,QKNN + Quantum-SMOTEV2,False,0.838709677419355,1,0.444444444444444,0.615384615384615,0.90267093384844,0.981481481481481,0.907407407407407,,,,,,,,,,,,
Lung Cancer,lung,3,6,37,QKNN + QS-ENN,False,0.774193548387097,1,0.363636363636364,0.533333333333333,0.86066296582387,0.87037037037037,0.87037037037037,208,21,21,0,0,35,243,243,222,6.94285714285714,0.91358024691358,0.620812396181799
Lung Cancer,lung,3,6,37,ablasi: tanpa borderline,False,0.774193548387097,1,0.363636363636364,0.533333333333333,0.86066296582387,0.87037037037037,0.87037037037037,,,,,,,,,,,,
Lung Cancer,lung,3,6,37,ablasi: P2 = tetangga,False,0.774193548387097,1,0.363636363636364,0.533333333333333,0.86066296582387,0.888888888888889,0.87037037037037,,,,,,,,,,,,
Lung Cancer,lung,3,6,37,ablasi: tanpa Q-ENN,False,0.838709677419355,1,0.444444444444444,0.615384615384615,0.90267093384844,1,0.907407407407407,,,,,,,,,,,,
Lung Cancer,lung,3,6,37,KNN + SMOTE-ENN,False,0.806451612903226,1,0.4,0.571428571428571,0.881917103688197,0.888888888888889,0.888888888888889,,,,,,,,,,,,
Lung Cancer,lung,3,7,37,QKNN + Tanpa Resampling,False,0.935483870967742,0.5,1,0.666666666666667,0.707106781186548,0.856481481481482,0.75,,,,,,,,,,,,
Lung Cancer,lung,3,7,37,QKNN + SMOTE,False,0.935483870967742,0.75,0.75,0.75,0.849836585598797,0.981481481481482,0.856481481481481,,,,,,,,,,,,
Lung Cancer,lung,3,7,37,QKNN + SMOTE-ENN,False,0.935483870967742,0.75,0.75,0.75,0.849836585598797,0.851851851851852,0.856481481481481,,,,,,,,,,,,
Lung Cancer,lung,3,7,37,QKNN + Borderline-SMOTE,False,0.935483870967742,0.75,0.75,0.75,0.849836585598797,0.976851851851852,0.856481481481481,,,,,,,,,,,,
Lung Cancer,lung,3,7,37,QKNN + SMOTE-Tomek,False,0.935483870967742,0.75,0.75,0.75,0.849836585598797,0.981481481481482,0.856481481481481,,,,,,,,,,,,
Lung Cancer,lung,3,7,37,QKNN + Quantum-SMOTE,False,0.903225806451613,0.75,0.6,0.666666666666667,0.833333333333333,0.967592592592593,0.837962962962963,,,,,,,,,,,,
Lung Cancer,lung,3,7,37,QKNN + Quantum-SMOTEV2,False,0.935483870967742,0.75,0.75,0.75,0.849836585598797,0.981481481481482,0.856481481481481,,,,,,,,,,,,
Lung Cancer,lung,3,7,37,QKNN + QS-ENN,False,0.903225806451613,0.75,0.6,0.666666666666667,0.833333333333333,0.949074074074074,0.837962962962963,208,21,19,0,2,35,243,241,224,6.94285714285714,0.929460580912863,0.620510447209747
Lung Cancer,lung,3,7,37,ablasi: tanpa borderline,False,0.967741935483871,1,0.8,0.888888888888889,0.981306762925316,0.99537037037037,0.981481481481481,,,,,,,,,,,,
Lung Cancer,lung,3,7,37,ablasi: P2 = tetangga,False,0.935483870967742,0.75,0.75,0.75,0.849836585598797,0.972222222222222,0.856481481481481,,,,,,,,,,,,
Lung Cancer,lung,3,7,37,ablasi: tanpa Q-ENN,False,0.935483870967742,0.75,0.75,0.75,0.849836585598797,0.976851851851852,0.856481481481481,,,,,,,,,,,,
Lung Cancer,lung,3,7,37,KNN + SMOTE-ENN,False,0.935483870967742,0.75,0.75,0.75,0.849836585598797,0.851851851851852,0.856481481481481,,,,,,,,,,,,
Lung Cancer,lung,3,8,37,QKNN + Tanpa Resampling,False,0.903225806451613,0.5,0.666666666666667,0.571428571428571,0.693888666488711,0.851851851851852,0.731481481481481,,,,,,,,,,,,
Lung Cancer,lung,3,8,37,QKNN + SMOTE,False,0.903225806451613,0.5,0.666666666666667,0.571428571428571,0.693888666488711,0.958333333333333,0.731481481481481,,,,,,,,,,,,
Lung Cancer,lung,3,8,37,QKNN + SMOTE-ENN,False,0.935483870967742,0.75,0.75,0.75,0.849836585598797,0.972222222222222,0.856481481481481,,,,,,,,,,,,
Lung Cancer,lung,3,8,37,QKNN + Borderline-SMOTE,False,0.903225806451613,0.5,0.666666666666667,0.571428571428571,0.693888666488711,0.958333333333333,0.731481481481481,,,,,,,,,,,,
Lung Cancer,lung,3,8,37,QKNN + SMOTE-Tomek,False,0.903225806451613,0.5,0.666666666666667,0.571428571428571,0.693888666488711,0.958333333333333,0.731481481481481,,,,,,,,,,,,
Lung Cancer,lung,3,8,37,QKNN + Quantum-SMOTE,False,0.838709677419355,0.5,0.4,0.444444444444444,0.666666666666667,0.805555555555555,0.694444444444444,,,,,,,,,,,,
Lung Cancer,lung,3,8,37,QKNN + Quantum-SMOTEV2,False,0.903225806451613,0.5,0.666666666666667,0.571428571428571,0.693888666488711,0.851851851851852,0.731481481481481,,,,,,,,,,,,
Lung Cancer,lung,3,8,37,QKNN + QS-ENN,False,0.935483870967742,0.75,0.75,0.75,0.849836585598797,0.856481481481482,0.856481481481481,208,26,22,0,4,35,243,239,221,6.94285714285714,0.924686192468619,0.612181845902571
Lung Cancer,lung,3,8,37,ablasi: tanpa borderline,False,0.903225806451613,0.5,0.666666666666667,0.571428571428571,0.693888666488711,0.861111111111111,0.731481481481481,,,,,,,,,,,,
Lung Cancer,lung,3,8,37,ablasi: P2 = tetangga,False,0.935483870967742,0.75,0.75,0.75,0.849836585598797,0.972222222222222,0.856481481481481,,,,,,,,,,,,
Lung Cancer,lung,3,8,37,ablasi: tanpa Q-ENN,False,0.903225806451613,0.5,0.666666666666667,0.571428571428571,0.693888666488711,0.851851851851852,0.731481481481481,,,,,,,,,,,,
Lung Cancer,lung,3,8,37,KNN + SMOTE-ENN,False,0.935483870967742,0.75,0.75,0.75,0.849836585598797,0.972222222222222,0.856481481481481,,,,,,,,,,,,
Lung Cancer,lung,3,9,37,QKNN + Tanpa Resampling,False,0.870967741935484,0.75,0.5,0.6,0.816496580927726,0.833333333333333,0.819444444444444,,,,,,,,,,,,
Lung Cancer,lung,3,9,37,QKNN + SMOTE,False,0.838709677419355,1,0.444444444444444,0.615384615384615,0.90267093384844,0.958333333333333,0.907407407407407,,,,,,,,,,,,
Lung Cancer,lung,3,9,37,QKNN + SMOTE-ENN,False,0.806451612903226,1,0.4,0.571428571428571,0.881917103688197,0.898148148148148,0.888888888888889,,,,,,,,,,,,
Lung Cancer,lung,3,9,37,QKNN + Borderline-SMOTE,False,0.838709677419355,1,0.444444444444444,0.615384615384615,0.90267093384844,0.958333333333333,0.907407407407407,,,,,,,,,,,,
Lung Cancer,lung,3,9,37,QKNN + SMOTE-Tomek,False,0.838709677419355,1,0.444444444444444,0.615384615384615,0.90267093384844,0.921296296296296,0.907407407407407,,,,,,,,,,,,
Lung Cancer,lung,3,9,37,QKNN + Quantum-SMOTE,False,0.741935483870968,0.75,0.3,0.428571428571429,0.74535599249993,0.824074074074074,0.74537037037037,,,,,,,,,,,,
Lung Cancer,lung,3,9,37,QKNN + Quantum-SMOTEV2,False,0.806451612903226,0.75,0.375,0.5,0.781735959970572,0.833333333333333,0.782407407407407,,,,,,,,,,,,
Lung Cancer,lung,3,9,37,QKNN + QS-ENN,False,0.806451612903226,0.75,0.375,0.5,0.781735959970572,0.773148148148148,0.782407407407407,208,19,18,0,1,35,243,242,225,6.94285714285714,0.929752066115702,0.623243947285899
Lung Cancer,lung,3,9,37,ablasi: tanpa borderline,False,0.741935483870968,0.75,0.3,0.428571428571429,0.74535599249993,0.768518518518518,0.74537037037037,,,,,,,,,,,,
Lung Cancer,lung,3,9,37,ablasi: P2 = tetangga,False,0.774193548387097,0.75,0.333333333333333,0.461538461538462,0.763762615825973,0.773148148148148,0.763888888888889,,,,,,,,,,,,
Lung Cancer,lung,3,9,37,ablasi: tanpa Q-ENN,False,0.806451612903226,0.75,0.375,0.5,0.781735959970572,0.833333333333333,0.782407407407407,,,,,,,,,,,,
Lung Cancer,lung,3,9,37,KNN + SMOTE-ENN,False,0.774193548387097,0.75,0.333333333333333,0.461538461538462,0.763762615825973,0.888888888888889,0.763888888888889,,,,,,,,,,,,
Lung Cancer,lung,3,10,37,QKNN + Tanpa Resampling,False,0.8,0.333333333333333,0.2,0.25,0.532870169256969,0.691358024691358,0.592592592592593,,,,,,,,,,,,
Lung Cancer,lung,3,10,37,QKNN + SMOTE,False,0.733333333333333,0.666666666666667,0.222222222222222,0.333333333333333,0.702728368926307,0.703703703703704,0.703703703703704,,,,,,,,,,,,
Lung Cancer,lung,3,10,37,QKNN + SMOTE-ENN,False,0.7,0.666666666666667,0.2,0.307692307692308,0.684934889218775,0.709876543209876,0.685185185185185,,,,,,,,,,,,
Lung Cancer,lung,3,10,37,QKNN + Borderline-SMOTE,False,0.733333333333333,0.666666666666667,0.222222222222222,0.333333333333333,0.702728368926307,0.691358024691358,0.703703703703704,,,,,,,,,,,,
Lung Cancer,lung,3,10,37,QKNN + SMOTE-Tomek,False,0.733333333333333,0.666666666666667,0.222222222222222,0.333333333333333,0.702728368926307,0.746913580246914,0.703703703703704,,,,,,,,,,,,
Lung Cancer,lung,3,10,37,QKNN + Quantum-SMOTE,False,0.7,0.666666666666667,0.2,0.307692307692308,0.684934889218775,0.685185185185185,0.685185185185185,,,,,,,,,,,,
Lung Cancer,lung,3,10,37,QKNN + Quantum-SMOTEV2,False,0.766666666666667,0.666666666666667,0.25,0.363636363636364,0.720082299823096,0.703703703703704,0.722222222222222,,,,,,,,,,,,
Lung Cancer,lung,3,10,37,QKNN + QS-ENN,False,0.7,0.666666666666667,0.2,0.307692307692308,0.684934889218775,0.709876543209876,0.685185185185185,207,19,17,0,2,36,243,241,226,6.75,0.937759336099585,0.623546905369462
Lung Cancer,lung,3,10,37,ablasi: tanpa borderline,False,0.7,0.666666666666667,0.2,0.307692307692308,0.684934889218775,0.722222222222222,0.685185185185185,,,,,,,,,,,,
Lung Cancer,lung,3,10,37,ablasi: P2 = tetangga,False,0.733333333333333,0.666666666666667,0.222222222222222,0.333333333333333,0.702728368926307,0.709876543209876,0.703703703703704,,,,,,,,,,,,
Lung Cancer,lung,3,10,37,ablasi: tanpa Q-ENN,False,0.7,0.666666666666667,0.2,0.307692307692308,0.684934889218775,0.685185185185185,0.685185185185185,,,,,,,,,,,,
Lung Cancer,lung,3,10,37,KNN + SMOTE-ENN,False,0.733333333333333,0.666666666666667,0.222222222222222,0.333333333333333,0.702728368926307,0.716049382716049,0.703703703703704,,,,,,,,,,,,
